{"cameraMode":{"drawMode":0,"name":"Shaded","section":"Shading Mode"},"sceneLighting":false,"audioPlay":false,"sceneViewState":{"showFog":true,"showMaterialUpdate":false,"showSkybox":false,"showFlares":true,"showImageEffects":true,"showParticleSystems":true},"in2DMode":false,"pivot":{"x":-1.3975896835327149,"y":-0.9060173034667969,"z":-0.15197467803955079},"rotation":{"x":0.3334989547729492,"y":0.21645258367061616,"z":-0.07896549999713898,"w":0.9141638875007629},"size":10.0,"orthographic":false}